顧客%0,fld,count,ucount,sum,mean,devsq,var,uvar,sd,usd,cv,mode,min,max,range,median,qtile1,qtile3,qrange,skew,uskew,kurt,ukurt
A,数量,1,1,1,1,,0,,,,,,1,1,0,1,1,1,0,,,,
A,金額,1,1,10,10,,0,,,,,,10,10,0,10,10,10,0,,,,
B,数量,2,2,7,3.5,4.5,2.25,4.5,1.5,2.121320344,42.85714286,,2,5,3,3.5,2.75,4.25,1.5,0,,-2,
B,金額,2,2,30,15,50,25,50,5,7.071067812,33.33333333,,10,20,10,15,12.5,17.5,5,0,,-2,
C,数量,3,2,5,1.666666667,2.666666667,0.8888888889,1.333333333,0.9428090416,1.154700538,56.56854249,1,1,3,2,1,1,2,1,0.7071067812,1.732050808,-1.5,
C,金額,3,3,46,15.33333333,60.66666667,20.22222222,30.33333333,4.496912521,5.507570547,29.32769035,,10,21,11,15,12.5,18,5.5,0.1107801177,0.2713547619,-1.5,
