fld,count,ucount,sum,mean,devsq,var,uvar,sd,usd,cv,mode,min,max,range,median,qtile1,qtile3,qrange,skew,uskew,kurt,ukurt
数量,5,1,5,1,0,0,0,0,0,0,1,1,1,0,1,1,1,0,,,,
金額,3,3,32,10.66666667,162.6666667,54.22222222,81.33333333,7.363574011,9.018499506,69.03350636,,2,20,18,10,6,15,9,0.1350615228,0.3308318147,-1.5,
