key%0,id%1,value,value2
A,03,2.666666667,7
A,04,2.1875,4
A,05,1.5,3
B,08,4.222222222,1
B,09,5.25,9
C,13,2.666666667,11
C,14,2.1875,31
