key,id%0,value,value2
A,05,4,-1.3
B,06,6,-1.3
B,07,1,-1.279316713
B,08,4,-1.240740741
B,09,7,-1.255208333
C,11,5,-1.725835349
C,12,1,-0.03966257458
C,13,3,0.002011557322
C,14,4,-1.356338103
