key,id%0,value,value2
A,05,4,0
B,06,6,0
B,07,1,-0.1380231722
B,08,4,0.3513641845
B,09,7,0.5244664948
C,11,5,-0.09340198805
C,12,1,1.280178261
C,13,3,1.265108318
C,14,4,0.6241999422
