key,id%0,value,value2
A,05,4,-1.2
B,06,6,-1.2
B,07,1,-1.117266851
B,08,4,-0.962962963
B,09,7,-1.020833333
C,11,5,-2.903341396
C,12,1,3.841349702
C,13,3,4.008046229
C,14,4,-1.425352411
