key%0,id%1,value,value2
A,03,0,7
A,04,-0.4346507596,4
A,05,-0.8164965809,3
B,08,-0.2390631469,1
B,09,-0.4987837491,9
C,13,0,11
C,14,-0.4346507596,31
