key%0,id%1,value,value2
A,03,1.632993162,7
A,04,1.479019946,4
A,05,1.224744871,3
B,08,2.054804668,1
B,09,2.291287847,9
C,13,1.632993162,11
C,14,1.479019946,31
