key%0,id%1,value,value2
A,03,54.4331054,7
A,04,45.50830602,4
A,05,40.82482905,3
B,08,56.0401273,1
B,09,50.91750772,9
C,13,54.4331054,11
C,14,45.50830602,31
