key%0,id%1,value,value2
A,03,2,7
A,04,1.707825128,4
A,05,1.414213562,3
B,08,2.516611478,1
B,09,2.645751311,9
C,13,2,11
C,14,1.707825128,31
