key%0,id%1,value,value2
A,03,0,7
A,04,-0.7528371991,4
A,05,-1.414213562,3
B,08,-0.5855827263,1
B,09,-0.8639187954,9
C,13,0,11
C,14,-0.7528371991,31
