key%0,id%1,value,value2
A,03,-1.5,7
A,04,-1.154285714,4
A,05,-1,3
B,08,-1.5,1
B,09,-1.238095238,9
C,13,-1.5,11
C,14,-1.154285714,31
