key,id%0,value,value2
A,05,4,1.58113883
B,06,6,1.58113883
B,07,1,2.387467277
B,08,4,2.121320344
B,09,7,3.464101615
C,11,5,4.277849927
C,12,1,17.41263909
C,13,3,16.25423022
C,14,4,15.40129865
