key%0,id%1,value,value2
A,03,,7
A,04,0.3428571429,4
A,05,1.5,3
B,08,,1
B,09,-0.2857142857,9
C,13,,11
C,14,0.3428571429,31
