key,id%0,value,value2
A,05,4,28.28427125
B,06,6,28.28427125
B,07,1,50.84322977
B,08,4,63.2455532
B,09,7,77.45966692
C,11,5,70.85602396
C,12,1,121.6745146
C,13,3,98.23125322
C,14,4,66.22759753
