key,id%0,value,value2
A,05,4,0
B,06,6,0
B,07,1,-0.2057527971
B,08,4,0.5237828009
B,09,7,0.7818284895
C,11,5,-0.139235463
C,12,1,1.908377076
C,13,3,1.885912132
C,14,4,0.9305023349
