key%0,id%1,value,value2
A,03,4,7
A,04,2.916666667,4
A,05,2,3
B,08,6.333333333,1
B,09,7,9
C,13,4,11
C,14,2.916666667,31
