key,id%0,value,value2
A,05,4,1.414213562
B,06,6,1.414213562
B,07,1,2.13541565
B,08,4,1.897366596
B,09,7,3.098386677
C,11,5,3.826225294
C,12,1,15.57433787
C,13,3,14.53822548
C,14,4,13.77534029
