id%1,k%0,v1,v2
2,a,2.333333333,2
3,a,2.333333333,2
4,a,3.666666667,2
5,a,4,2
7,b,2.666666667,0
8,b,3,0.3333333333
9,b,6,0.1666666667
