id%0,k,v1,v2
1,a,5,2
2,a,2.333333333,2
3,a,2.777777778,2
4,a,3.592592593,2
5,a,3.864197531,2
6,b,5.288065844,3.333333333
7,b,2.429355281,-0.2222222222
8,b,3.47645176,0.9259259259
9,b,5.82548392,-0.02469135802
