id%1,k%0,v1,v2
1,a,5,2
2,a,2.333333333,2
3,a,2.777777778,2
4,a,3.592592593,2
5,a,3.864197531,2
6,b,6,4
7,b,2.666666667,2.220446049e-16
8,b,3.555555556,1
9,b,5.851851852,5.551115123e-17
