id%0,k,v1,v2
2,a,5,2
3,a,3,2
4,a,3,2
5,a,4,2
6,b,5.333333333,4
7,b,2.666666667,0
8,b,3,0.3333333333
9,b,6,0.1666666667
