id%0,k,v1,v2
3,a,4,2
4,a,3,2
5,a,3.5,2
6,b,5,2
7,b,3.666666667,-2
8,b,3.5,-0.25
9,b,4,-0.3333333333
