key,x,y,z,id,rls
A,6,0.15,-2,07,-0.003333333333
A,7,0.8,-20,08,0.2
A,8,0.8,-20,09,0.2166666667
B,9,0.33,-2,10,-0.1566666667
B,10,0.8,-5,11,0
B,11,0.45,-9,12,0.04
B,12,0.33,-2,13,-0.1566666667
A,2,0.2,-1,02,0.3811111111
A,3,0.15,-2,03,0.3188888889
B,13,0.8,-5,14,1.45
B,14,0.45,-9,15,1.05
