key,x,y,z,id%0,rls
A,3,0.15,-2,03,-0.3973597071
A,5,0.2,-1,06,0.1889822365
A,6,0.15,-2,07,0.1889822365
A,7,0.8,-20,08,0.8293962197
A,8,0.8,-20,09,0.8660254038
B,9,0.33,-2,10,-0.8660254038
B,10,0.8,-5,11,0
B,11,0.45,-9,12,0.2457008775
B,12,0.33,-2,13,-0.9623284367
B,13,0.8,-5,14,0.7166275593
B,14,0.45,-9,15,0.2457008775
