key,x,y,z,id%0,rls
A,32,0.15,-2,3,-0.8746392857
A,1,0.8,-20,4,-0.7921348296
B,13,0.33,-2,5,-0.9280160302
B,10,0.8,-5,6,-0.6933752453
B,15,0.45,-9,7,-0.7919009884
