key,x,y,z,id%0,rls
A,32,0.15,-2,3,36.36387493
A,1,0.8,-20,4,33.63186733
B,13,0.33,-2,5,34.27814756
B,10,0.8,-5,6,15.65914749
B,15,0.45,-9,7,21.37455029
