key%0,x,y,z,id%1,rls
A,32,0.15,-2,3,-0.25
A,1,0.8,-20,4,-2.986666667
B,15,0.45,-9,7,-0.4866666667
