key,x,y,z,id%0,rls
A,1,0,1,3,0.5
A,0,1,0,4,
A,1,1,1,5,0.3333333333
B,1,0,1,6,0.3333333333
B,1,1,0,7,0.6666666667
B,0,0,0,8,0.5
