key,x,y,z,id%0,rls
A,1,0,1,3,1.797693135e+308
A,0,1,0,4,0
A,1,1,1,5,0
B,1,0,1,6,0
B,1,1,0,7,1.797693135e+308
B,0,0,0,8,1.797693135e+308
