key%0,x,y,z,id%1,rls
A,32,0.15,-2,3,36.36387493
A,1,0.8,-20,4,36.36442492
B,15,0.45,-9,7,21.37455029
