key,x,y,z,id%0,rls
A,1,0,1,3,inf
A,0,1,0,4,0.6666666667
A,1,1,1,5,0.6666666667
B,1,0,1,6,0.6666666667
B,1,1,0,7,nan
B,0,0,0,8,inf
