key,x,y,z,id%0,rls
A,3,0.15,-2,03,3.471512639
A,5,0.2,-1,06,5.865364439
A,6,0.15,-2,07,8.086099183
A,7,0.8,-20,08,9.782765458
A,8,0.8,-20,09,11.15806883
B,9,0.33,-2,10,12.86269412
B,10,0.8,-5,11,14.54815796
B,11,0.45,-9,12,16.46546082
B,12,0.33,-2,13,18.22447256
B,13,0.8,-5,14,19.90807374
B,14,0.45,-9,15,21.64789597
