key%0,x,y,z,id%1,rls
A,32,0.15,-2,3,-0.8746392857
A,1,0.8,-20,4,-0.7360207563
B,15,0.45,-9,7,-0.7919009884
