key,x,y,z,id%0,rls
A,1,0,1,03,inf
A,0,1,0,04,0.6666666667
A,1,1,1,05,0.6666666667
A,,,1,06,
A,1,0,1,07,
A,1,1,0,08,
A,1,1,1,09,nan
B,1,0,1,10,nan
B,1,1,0,11,nan
B,1,0,1,12,nan
B,,,0,13,
B,0,0,0,14,
