key,x,y,z,id%0,rls
A,32,0.15,-2,3,-0.25
A,1,0.8,-20,4,-4.533333333
B,13,0.33,-2,5,-4.868333333
B,10,0.8,-5,6,-1.175
B,15,0.45,-9,7,-0.4866666667
