key,x,y,z,id%0,rls
A,32,0.15,-2,3,-0.1666666667
A,1,0.8,-20,4,-3.022222222
B,13,0.33,-2,5,-3.245555556
B,10,0.8,-5,6,-0.7833333333
B,15,0.45,-9,7,-0.3244444444
