key,x,y,z,id%0,rls
A,32,0.15,-2,3,0.8472573627
A,1,0.8,-20,4,0.2749027786
B,13,0.33,-2,5,0.3258774512
B,10,0.8,-5,6,0.6759619895
B,15,0.45,-9,7,0.8782575583
