key,x,y,z,id%0,rls
A,3,0.15,-2,03,-0.3333333333
A,,0.8,-20,04,
A,4,,-14,05,
A,5,0.2,-1,06,
A,6,0.15,-2,07,
A,7,0.8,-20,08,0.3333333333
A,8,0.8,-20,09,0.8164965809
B,9,0.33,-2,10,-0.8164965809
B,10,0.8,-5,11,0
B,11,0.45,-9,12,0.3333333333
B,12,0.33,-2,13,-1
B,13,0.8,-5,14,0.3333333333
B,14,0.45,-9,15,0.3333333333
