key,x,y,z,id%0,rls
A,3,0.15,-2,03,0.901702048
A,5,0.2,-1,06,0.9373849951
A,6,0.15,-2,07,0.9634060725
A,7,0.8,-20,08,0.8531821418
A,8,0.8,-20,09,0.9259930137
B,9,0.33,-2,10,0.9119802776
B,10,0.8,-5,11,0.9416321699
B,11,0.45,-9,12,0.9391998583
B,12,0.33,-2,13,0.9074351582
B,13,0.8,-5,14,0.9502892917
B,14,0.45,-9,15,0.9388362552
