key,x,y,z,id%0,rls
A,1,0,1,03,0.5
A,0,1,0,04,
A,1,1,1,05,0.3333333333
A,,,1,06,
A,1,0,1,07,
A,1,1,0,08,
A,1,1,1,09,0.6666666667
B,1,0,1,10,0.6666666667
B,1,1,0,11,0.6666666667
B,1,0,1,12,0.3333333333
B,,,0,13,
B,0,0,0,14,
