id%0,x,y,xb,yb
A,2,7,_3.333333333,6.666666667_
A,6,7,4.666666667_,6.666666667_
A,5,6,4.666666667_,_6.333333333
B,7,5,5_,4.333333333_
B,6,4,5_,3.666666667_4.333333333
B,1,3,_3,_3.666666667
C,3,3,_3.666666667,2.333333333_
C,4,2,3.666666667_5.333333333,1.666666667_2.333333333
C,7,2,5.333333333_,1.666666667_2.333333333
C,2,1,_3.666666667,_1.666666667
