id,x,y,xb,yb
A,2.0000122,7,_2.5,4.5_
B,6,7,5.9495_,4.5_
C,5.89898989,6,2.5_5.9495,4.5_
D,7,5,5.9495_,4.5_
E,6,4,5.9495_,2.5_4.5
F,1.0000000009,3,_2.5,2.5_4.5
G,3,3,2.5_5.9495,2.5_4.5
H,4,2,2.5_5.9495,_2.5
I,77.890,2,5.9495_,_2.5
J,2,1,_2.5,_2.5
