key%0,fld1,fld2,pearson,cosine
A,x,y,-0.8746392857,0.8472573627
A,x,z,0.3164384831,-0.521983618
A,y,z,0.1830936883,-0.6719258683
B,x,y,-0.7919009884,0.8782575583
B,x,z,-0.471446429,-0.9051543403
B,y,z,-0.1651896746,-0.8514129252
