fld1,fld2,hamming,chi,phi,jaccard,support,lift
x,y,0.75,1.333333333,-0.5773502692,0.25,0.25,0.6666666667
x,z,0.5,0.4444444444,-0.3333333333,0.5,0.5,0.8888888889
y,z,0.75,1.333333333,-0.5773502692,0.25,0.25,0.6666666667
