fld1,fld2,pearson,cosine
x,x,1,1
x,y,-0.5088704666,0.7860308044
x,z,0.1963041929,-0.5338153343
y,x,-0.5088704666,0.7860308044
y,y,1,1
y,z,0.3311001423,-0.5524409416
z,x,0.1963041929,-0.5338153343
z,y,0.3311001423,-0.5524409416
z,z,1,1
