fld1,fld2,hamming,phi
x,y,0.75,-0.5773502692
x,z,0.5,-0.3333333333
y,z,0.75,-0.5773502692
