fld1,fld2,covar,ucovar,pearson,spearman,kendall,euclid,cosine,cityblock,hamming,chi,phi,jaccard,support,lift
x,y,-0.30125,-0.4016666667,-0.5088704666,-0.8,-0.6666666667,38.50792516,0.7860308044,69.15,1,,,,,
x,z,8.875,11.83333333,0.1963041929,-0.632455532,-0.5477225575,48.05205511,-0.5338153343,89,1,,,,,
y,z,0.124375,0.1658333333,0.3311001423,0.316227766,0.1825741858,14.56984214,-0.5524409416,19.85,1,,,,,
