key%0,fld1,fld2,covar,ucovar,pearson,spearman,kendall,euclid,cosine,cityblock,hamming,chi,phi,jaccard,support,lift
A,x,y,,,,,,,,,,,,,,
A,x,z,,,,,,,,,,,,,,
A,y,z,,,,,,8.7,1,8.7,1,,,,,
B,x,y,-1.417777778,-2.126666667,-0.9991718811,-1,0,20.9406232,0.5547902903,33.63,1,,,,,
B,x,z,12.77777778,19.16666667,0.9865522042,1,0,26.64582519,-0.5046235347,46,1,,,,,
B,y,z,-1.038888889,-1.558333333,-0.9923856093,-1,-2,9.287071659,-0.9951330766,12.37,1,,,,,
